{
    "rmse": 0.7712754209021373,
    "mae": 0.6085389914409782,
    "r2": 0.21873380499867034
}