{
    "rmse": 0.7755279953784998,
    "mae": 0.611677377800668,
    "r2": 0.22750884870470744
}