{
    "rmse": 0.7660603146655528,
    "mae": 0.6075629398353974,
    "r2": 0.2248831353904297
}