{
    "rmse": 0.7599193020031377,
    "mae": 0.6018019344832148,
    "r2": 0.2209977140173609
}