{
    "rmse": 0.7726679770737297,
    "mae": 0.6092823536468795,
    "r2": 0.21911577008707905
}