{
    "rmse": 0.7784172644455462,
    "mae": 0.6158268631600768,
    "r2": 0.23044119454458278
}